{"cameraMode":{"drawMode":0,"name":"Shaded","section":"Shading Mode"},"sceneLighting":false,"audioPlay":false,"sceneViewState":{"m_AlwaysRefresh":false,"showFog":true,"showSkybox":false,"showFlares":false,"showImageEffects":false,"showParticleSystems":true,"showVisualEffectGraphs":true,"m_FxEnabled":true},"in2DMode":false,"pivot":{"x":-0.41867607831954958,"y":3.5034966468811037,"z":-4.048399925231934},"rotation":{"x":-0.4161926507949829,"y":-0.014459066092967987,"z":0.0066193402744829659,"w":-0.9091427326202393},"size":3.1195802688598635,"orthographic":false}